{
  "exp_config": {
    "dataset_name": "govreport"
  },
  "results": {
    "32768": {
      "mean_tokens_per_sec": 11.112075706477384,
      "mean_time_per_run": 23.056077520052593,
      "num_runs": 6
    }
  }
}