{
  "exp_config": {
    "dataset_name": "govreport"
  },
  "results": {
    "1024": {
      "mean_tokens_per_sec": 53.33984306281549,
      "mean_time_per_run": 4.840487456321716,
      "num_runs": 40
    },
    "2048": {
      "mean_tokens_per_sec": 49.18954063792705,
      "mean_time_per_run": 5.242627507448196,
      "num_runs": 40
    }
  }
}